,NY.GDP.MKTP.CD,FP.CPI.TOTL,SL.UEM.TOTL.ZS
NY.GDP.MKTP.CD,1.0,-0.05393827610271313,-0.09303314687220955
FP.CPI.TOTL,-0.05393827610271313,1.0,0.05607431969565911
SL.UEM.TOTL.ZS,-0.09303314687220955,0.05607431969565911,1.0
